﻿{
    "taskTemplates":  {
                          "daily":  [
                                        {
                                            "name":  "Task 1",
                                            "type":  "daily"
                                        },
                                        {
                                            "name":  "Task 2",
                                            "type":  "daily"
                                        },
                                        {
                                            "name":  "Task 3",
                                            "type":  "daily"
                                        },
                                        {
                                            "name":  "Task 4",
                                            "type":  "daily"
                                        },
                                        {
                                            "name":  "Task 5",
                                            "type":  "daily"
                                        },
                                        {
                                            "name":  "Task 6",
                                            "type":  "daily"
                                        },
                                        {
                                            "name":  "Task 7",
                                            "type":  "daily"
                                        },
                                        {
                                            "name":  "Task 8",
                                            "type":  "daily"
                                        }
                                    ]
                      },
    "lastUpdateTime":  1754164024000,
    "version":  "v4.2.2.1",
    "username":  "User",
    "dailyTasks":  {

                   },
    "taskTimes":  {

                  },
    "completionHistory":  {

                          },
    "focusRecords":  {

                     },
    "serverUpdateTime":  1754164024000,
    "tasks":  [

              ]
}
